<?xml version="1.0"?>

<config xmlns:xsi="http://www.w3.org/2001/XMLSchema-instance"
    xsi:noNamespaceSchemaLocation="urn:magento:framework:ObjectManager/etc/config.xsd">
    <type name="Magento\ImportExport\Model\Import\SampleFileProvider">
        <arguments>
            <argument name="samples" xsi:type="array">
                <item name="products_assign_to_category_by_ids" xsi:type="string">Logicrays_ProductToCategoryManagement</item>
            </argument>
        </arguments>
    </type>
</config>